1,netflix.com
2,facebook.com
3,wordpress.com
4,tumblr.com
5,soundcloud.com
6,forbes.com
7,cnn.com
8,bbc.co.uk
9,bbc.com
10,office.net
11,issuu.com
12,washingtonpost.com
13,tinyurl.com
14,ytimg.com
15,researchgate.net
16,imgur.com
17,wp.com
18,dailymail.co.uk
19,espn.com
20,163.com
21,time.com
22,dailymotion.com
23,huffingtonpost.com
24,w3schools.com
25,xvideos.com
26,tripadvisor.com
27,free.fr
28,webmd.com
29,theatlantic.com
30,state.gov
31,hubspot.com
32,mediafire.com
33,huffpost.com
34,buzzfeed.com
35,speedtest.net
36,hbr.org
37,coursera.org
38,businesswire.com
39,investing.com
40,sciencedaily.com
41,quizlet.com
42,3lift.com
43,tapad.com
44,mathtag.com
45,entrepreneur.com
46,ieee.org
47,bmj.com
48,xnxx.com
49,elpais.com
50,aboutcookies.org
51,timeanddate.com
52,accuweather.com
53,chegg.com
54,qz.com
55,mirror.co.uk
56,barnesandnoble.com
57,politico.com
58,livescience.com
59,techradar.com
60,reverso.net
61,yahoodns.net
62,aljazeera.com
63,nfl.com
64,thefreedictionary.com
65,inquirer.net
66,espncricinfo.com
67,softonic.com
68,express.co.uk
69,automattic.com
70,documentforce.com
71,setn.com
72,360yield.com
73,ticketmaster.com
74,imageshack.us
75,exelator.com
76,genius.com
77,mlb.com
78,epicgames.com
79,euronews.com
80,liansuo.com
81,smithsonianmag.com
82,nasdaq.com
83,wp.me
84,kaspersky.com
85,adweek.com
86,salon.com
87,marca.com
88,tribalfusion.com
89,medscape.com
90,wattpad.com
91,mathrubhumi.com
92,pastebin.com
93,9gag.com
94,howtogeek.com
95,foodnetwork.com
96,france24.com
97,as.com
98,airtable.com
99,ultimate-guitar.com
100,nflxvideo.net
101,indiatoday.in
102,doordash.com
103,owneriq.net
104,goodhousekeeping.com
105,bleacherreport.com
106,answers.com
107,elle.com
108,cosmopolitan.com
109,techrepublic.com
110,timeout.com
111,dafont.com
112,elmundo.es
113,eyeota.net
114,uptodown.com
115,nintendo.com
116,ehow.com
117,tiny.cc
118,space.com
119,apple-cloudkit.com
120,esquire.com
121,usmagazine.com
122,boredpanda.com
123,bustle.com
124,msi.com
125,nbc.com
126,buzzfeednews.com
127,adroll.com
128,searchenginejournal.com
129,myanimelist.net
130,popularmechanics.com
131,softpedia.com
132,brightcove.com
133,examiner.com
134,kooora.com
135,timesofisrael.com
136,hbs.edu
137,mentalfloss.com
138,tomshardware.com
139,akstat.io
140,huffingtonpost.co.uk
141,myvisualiq.net
142,livestrong.com
143,itv.com
144,boingboing.net
145,sharethis.com
146,info.com
147,tomsguide.com
148,grammarly.io
149,vecteezy.com
150,upi.com
151,wsu.edu
152,medicinenet.com
153,goal.com
154,zerohedge.com
155,motherjones.com
156,premierleague.com
157,hola.org
158,tripadvisor.co.uk
159,inmobi.com
160,techsmith.com
161,home.kpmg
162,livescore.com
163,dailycaller.com
164,finviz.com
165,harpersbazaar.com
166,menshealth.com
167,brainyquote.com
168,sciencealert.com
169,bhaskar.com
170,shrm.org
171,washingtonexaminer.com
172,serverwatch.com
173,mynet.com
174,thenation.com
175,hamariweb.com
176,ksl.com
177,redditstatic.com
178,independent.ie
179,ge.com
180,complex.com
181,clean.gg
182,gawker.com
183,skyrock.com
184,sitepoint.com
185,gulfnews.com
186,caranddriver.com
187,gamesradar.com
188,nme.com
189,authorstream.com
190,apkpure.com
191,huffingtonpost.ca
192,womenshealthmag.com
193,vungle.com
194,appier.net
195,bleepingcomputer.com
196,c212.net
197,mathworks.com
198,signupgenius.com
199,ynet.co.il
200,spotim.market
201,collinsdictionary.com
202,mensjournal.com
203,17track.net
204,bfmtv.com
205,kqzyfj.com
206,realclearpolitics.com
207,allmusic.com
208,diabetes.org
209,windowscentral.com
210,blog.com
211,dailystar.co.uk
212,wowhead.com
213,kcl.ac.uk
214,byteoversea.com
215,manchestereveningnews.co.uk
216,kitco.com
217,creativebloq.com
218,letterboxd.com
219,gamersky.com
220,moe.gov.cn
221,geekwire.com
222,mobile.de
223,supersonicads.com
224,eenadu.net
225,thewrap.com
226,reason.com
227,permutive.com
228,cntraveler.com
229,hypebeast.com
230,dailydot.com
231,smallbiztrends.com
232,nexusmods.com
233,theweek.com
234,kpmg.com
235,cdiscount.com
236,tfl.gov.uk
237,sportingnews.com
238,countryliving.com
239,dailykos.com
240,bbcgoodfood.com
241,legit.ng
242,punchng.com
243,tvtropes.org
244,bangkokpost.com
245,jetpack.com
246,delish.com
247,marinetraffic.com
248,leo.org
249,techspot.com
250,khaleejtimes.com
251,couchsurfing.com
252,dailyrecord.co.uk
253,quantcast.com
254,bts.gov
255,zee5.com
256,unrealengine.com
257,whatismyipaddress.com
258,inverse.com
259,smartrecruiters.com
260,linguee.com
261,mindbodygreen.com
262,anandtech.com
263,ig.com.br
264,allafrica.com
265,espncdn.com
266,canadiantire.ca
267,lexpress.fr
268,sportskeeda.com
269,twoo.com
270,laposte.fr
271,imtwjwoasak.com
272,ccm.net
273,crateandbarrel.com
274,sf-express.com
275,greatandhra.com
276,loupan.com
277,xataka.com
278,patheos.com
279,8tracks.com
280,bancoestado.cl
281,docomo.ne.jp
282,housebeautiful.com
283,uproxx.com
284,dazn.com
285,filehippo.com
286,1mg.com
287,citationmachine.net
288,ghanaweb.com
289,asme.org
290,digitalspy.com
291,webopedia.com
292,autonews.com
293,alternativeto.net
294,igodigital.com
295,belfasttelegraph.co.uk
296,edf.fr
297,sakshi.com
298,cinemablend.com
299,jrj.com.cn
300,sentry-cdn.com
301,samba.tv
302,helpshift.com
303,eweek.com
304,lexico.com
305,eleconomista.es
306,italist.com
307,worldpopulationreview.com
308,barstoolsports.com
309,liverpoolecho.co.uk
310,ivoox.com
311,pbc.gov.cn
312,purevolume.com
313,phonearena.com
314,videohub.tv
315,azlyrics.com
316,slidesgo.com
317,sciencenet.cn
318,tf1.fr
319,amcs-tachyon.com
320,securly.com
321,epizy.com
322,natlawreview.com
323,emailmeform.com
324,madrid.org
325,crazygames.com
326,latercera.com
327,ezgif.com
328,bytetcdn.com
329,listindiario.com
330,spanishdict.com
331,ctv.ca
332,king.com
333,musescore.com
334,cityam.com
335,birminghammail.co.uk
336,fontsquirrel.com
337,wowkeren.com
338,filehorse.com
339,triblive.com
340,polldaddy.com
341,townandcountrymag.com
342,soumu.go.jp
343,dotesports.com
344,interestingengineering.com
345,joemonster.org
346,nflxext.com
347,talkingpointsmemo.com
348,laptopmag.com
349,cults3d.com
350,thisismoney.co.uk
351,winscp.net
352,barchart.com
353,filmaffinity.com
354,ascd.org
355,express.pk
356,lovetoknow.com
357,notebookcheck.net
358,ebaystatic.com
359,wroc.pl
360,rxlist.com
361,colourlovers.com
362,hurriyetdailynews.com
363,basketball-reference.com
364,xiazaiba.com
365,expansion.com
366,dict.cc
367,bab.la
368,720yun.com
369,abplive.com
370,cyberciti.biz
371,timesofmalta.com
372,a3cloud.net
373,avma.org
374,yourtango.com
375,uts.edu.au
376,ynetnews.com
377,neowin.net
378,cadenaser.com
379,thelocal.se
380,campaignlive.co.uk
381,radiotimes.com
382,indiapost.gov.in
383,womansday.com
384,niche.com
385,cultofmac.com
386,wccftech.com
387,wsws.org
388,ifeng.com
389,artofmanliness.com
390,dazeddigital.com
391,bangordailynews.com
392,programiz.com
393,omnicalculator.com
394,8m.com
395,scamadviser.com
396,tv5monde.com
397,spin.com
398,mobafire.com
399,prepostseo.com
400,thewindowsclub.com
401,symantecliveupdate.com
402,sportradarserving.com
403,csc.gov.in
404,gg.gg
405,adme.ru
406,adultswim.com
407,harborfreight.com
408,aaos.org
409,moodys.com
410,baseball-reference.com
411,skyscrapercity.com
412,thefreelibrary.com
413,latribune.fr
414,wellandgood.com
415,prospect.org
416,perezhilton.com
417,filmibeat.com
418,avocet.io
419,orange.com
420,songkick.com
421,pen.io
422,futura-sciences.com
423,manualslib.com
424,mpaa.org
425,friv.com
426,01net.com
427,tuko.co.ke
428,gaiaonline.com
429,essence.com
430,metrotimes.com
431,ufc.com
432,dlr.de
433,acehardware.com
434,buzznet.com
435,pof.com
436,chez.com
437,goodreturns.in
438,windowsreport.com
439,timesfreepress.com
440,comingsoon.net
441,beliefnet.com
442,rolex.com
443,malavida.com
444,zacks.com
445,metanews.com
446,israelnationalnews.com
447,simplypsychology.org
448,calibre-ebook.com
449,wimp.com
450,yieldoptimizer.com
451,builderall.com
452,uncommongoods.com
453,good.is
454,lipsum.com
455,firstcry.com
456,dialpad.com
457,freebeacon.com
458,sainsburys.co.uk
459,webdesignerdepot.com
460,almaany.com
461,dealmoon.com
462,autoevolution.com
463,iab.com
464,hostedrmm.com
465,moneycrashers.com
466,brit.co
467,cookieless-data.com
468,tcpdf.org
469,riverfronttimes.com
470,clevescene.com
471,dwell.com
472,xvideos2.com
473,oprahdaily.com
474,setlist.fm
475,brightside.me
476,elledecor.com
477,destructoid.com
478,thelocal.de
479,best-hashtags.com
480,baeldung.com
481,blackfriday.com
482,lci.fr
483,sammobile.com
484,fixya.com
485,infineon.com
486,deere.com
487,valassisdigital.io
488,bandsintown.com
489,servimg.com
490,toptenreviews.com
491,pons.com
492,fr.de
493,parcelsapp.com
494,title-max.com
495,worldhistory.org
496,adliran.ir
497,liuxue86.com
498,patient.info
499,larazon.es
500,chathamhouse.org
501,up.ac.za
502,apkmirror.com
503,zoznam.sk
504,10fastfingers.com
505,merkur.de
506,clubic.com
507,slidesharecdn.com
508,aleteia.org
509,ezoic.com
510,mailgun.com
511,thanhnien.vn
512,news.am
513,laposte.net
514,wegotthiscovered.com
515,slu.edu
516,lmgtfy.app
517,contactform7.com
518,tureng.com
519,qatarliving.com
520,nintendolife.com
521,nationalrail.co.uk
522,asianetnews.com
523,libertaddigital.com
524,whowhatwear.com
525,usfca.edu
526,emedicinehealth.com
527,lithub.com
528,zoosk.com
529,scitechdaily.com
530,seventeen.com
531,cloudscar.com
532,arkansasonline.com
533,labcorp.com
534,digital-photography-school.com
535,thepioneerwoman.com
536,ghacks.net
537,easybib.com
538,sitelike.org
539,wmagazine.com
540,itproportal.com
541,adsoftheworld.com
542,totaljobs.com
543,chroniclelive.co.uk
544,powerthesaurus.org
545,noor-book.com
546,vymaps.com
547,standardmedia.co.ke
548,wallpapercave.com
549,holmesmind.com
550,themarysue.com
551,t3.com
552,linguee.fr
553,andhrajyothy.com
554,onegreenplanet.org
555,warcraftlogs.com
556,sciencing.com
557,polyu.edu.hk
558,maxbounty.com
559,icy-veins.com
560,malaymail.com
561,motherearthnews.com
562,dhakapost.com
563,smartbrief.com
564,techwalla.com
565,geology.com
566,duplichecker.com
567,consequenceofsound.net
568,healthfully.com
569,procon.org
570,brsrvr.com
571,screenconnect.com
572,wallpaper.com
573,autoweek.com
574,gearpatrol.com
575,sndcdn.com
576,pro-football-reference.com
577,blackenterprise.com
578,evgnet.com
579,t-msedge.net
580,bitwarden.com
581,roadandtrack.com
582,fstoppers.com
583,plagiarismdetector.net
584,consequence.net
585,childmind.org
586,whatsmydns.net
587,ozbargain.com.au
588,cronista.com
589,arcot.com
590,carscoops.com
591,valuewalk.com
592,cpubenchmark.net
593,theweek.co.uk
594,escapistmagazine.com
595,nordaccount.com
596,fanniemae.com
597,qlogo.cn
598,maxim.com
599,klix.ba
600,ccma.cat
601,gamefaqs.com
602,qdnd.vn
603,scarymommy.com
604,tecmint.com
605,oxfordlearnersdictionaries.com
606,link1s.com
607,foodnetwork.co.uk
608,associatedcontent.com
609,bloody-disgusting.com
610,gta5-mods.com
611,apigee.net
612,natwest.com
613,gulte.com
614,sherdog.com
615,snapfish.com
616,marieclaire.co.uk
617,pulse.ng
618,sblinks.net
619,returnpath.net
620,guru3d.com
621,n4g.com
622,marieclaire.com.tw
623,aerzteblatt.de
624,whathifi.com
625,slate.fr
626,titech.ac.jp
627,viamichelin.com
628,cyclingnews.com
629,ceros.com
630,forvo.com
631,golf.com
632,bicycling.com
633,dunyanews.tv
634,thefader.com
635,exponential.com
636,bleacherreport.net
637,pwc.co.uk
638,fansided.com
639,multitran.com
640,acronymfinder.com
641,phrases.org.uk
642,xv-videos1.com
643,1001freefonts.com